{
	"nodes": [
		0,
		1,
		2,
		3,
		4,
		5,
		6,
		7,
		8,
		9,
		10,
		11,
		12,
		13,
		14,
		15,
		16,
		17,
		18,
		19
	],
	"edges": [
		[0, 1],
		[0, 2],
		[0, 4],
		[0, 5],
		[0, 7],
		[0, 9],
		[0, 12],
		[1, 2],
		[1, 3],
		[1, 4],
		[1, 5],
		[2, 3],
		[2, 14],
		[2, 16],
		[3, 6],
		[3, 11],
		[3, 19],
		[4, 6],
		[4, 7],
		[4, 8],
		[4, 12],
		[4, 14],
		[4, 15],
		[4, 18],
		[5, 9],
		[5, 13],
		[5, 15],
		[5, 16],
		[5, 17],
		[6, 11],
		[7, 8],
		[7, 10],
		[8, 10],
		[10, 17],
		[12, 13],
		[12, 19],
		[16, 18]
	],

	"layouts": [
		[
			[0.517468616, 0.318743815],
			[0.58, 0.58],
			[0.75, 0.553055201],
			[0.7, 0.746491065],
			[0.4383116, 0.483172593],
			[0.6, 0.05],
			[0.594642747, 0.826468506],
			[0.205488908, 0.358722801],
			[0.078926609, 0.8],
			[0.4, 0.1],
			[0, 0.216419292],
			[0.754682466, 1],
			[0.95, 0.405805535],
			[0.841404355, 0.118454724],
			[0.4, 0.85],
			[0.3, 0.227458476],
			[0.784061203, 0.272697952],
			[0.191755921, 0.031696929],
			[0.654025917, 0.309317454],
			[1, 0.630029756]
		],
		[
			[0.5, 0.5],
			[0.5, 0.75],
			[0.8, 0.5],
			[0.8, 0.9],
			[0.25, 0.5],
			[0.25, 0.3],
			[0.45, 0.892863834],
			[0.172757384, 0.813183055],
			[0.38, 0.970158338],
			[1, 0.2],
			[0, 0.985730661],
			[0.55, 1],
			[0.45, 0.1],
			[0.25, 0.1],
			[0.66, 0.7],
			[0.05, 0.3],
			[0.8, 0.007874175],
			[0.059006569, 0.558452863],
			[0, 0],
			[1, 0.486427947]
		]
	]
}
