{
	"nodes": [
		0,
		1,
		2,
		3,
		4,
		5,
		6,
		7,
		8,
		9,
		10,
		11,
		12,
		13,
		14,
		15,
		16,
		17,
		18,
		19
	],
	"edges": [
		[0, 1],
		[0, 4],
		[0, 5],
		[0, 7],
		[0, 9],
		[0, 12],
		[0, 13],
		[1, 4],
		[1, 12],
		[1, 14],
		[1, 16],
		[2, 3],
		[2, 4],
		[2, 14],
		[2, 19],
		[3, 11],
		[3, 14],
		[3, 19],
		[4, 6],
		[4, 7],
		[4, 14],
		[4, 15],
		[4, 16],
		[4, 17],
		[4, 18],
		[5, 9],
		[5, 15],
		[6, 7],
		[6, 11],
		[7, 8],
		[7, 10],
		[7, 14],
		[7, 17],
		[7, 19],
		[8, 14],
		[9, 13],
		[9, 18],
		[10, 17],
		[12, 13],
		[12, 14],
		[15, 17]
	],

	"layouts": [
		[
			[0.55, 0.6],
			[0.8, 0.2],
			[0.8, 0.5],
			[0.8, 0.9],
			[0.35, 0.45],
			[0.25, 0.25],
			[0.45, 1],
			[0.172757384, 0.813183055],
			[0.3, 0.98],
			[0.25, 0.1],
			[0, 0.985730661],
			[0.55, 1],
			[0.541223372, 0.1],
			[0.4, 0.1],
			[0.66, 0.8],
			[0.05, 0.3],
			[0.95, 0.3],
			[0.059006569, 0.558452863],
			[0, 0],
			[1, 0.65]
		],
		[
			[0.5, 0.4],
			[0.4, 0.6],
			[0.6, 0.7],
			[0.565783375, 0.909085701],
			[0.7, 0.4],
			[0.289770902, 0],
			[0.96, 0.55514548],
			[0.834814242, 0.357751573],
			[0.95, 0.86],
			[0.136076882, 0.075445101],
			[1, 0.164648056],
			[0.7, 0.8],
			[0.15, 0.6],
			[0, 0.242177987],
			[0.425, 0.825],
			[0.536383023, 0.2],
			[1, 0.4],
			[0.76302947, 0.201146615],
			[0.65, 0.05],
			[1, 0.7]
		]
	]
}
